109.169.248.247,-,-,2015-12-12T22:55:11.000+05:30,GET,/administrator/,HTTP/1.1,200,4263,-
109.169.248.247,-,-,2015-12-12T22:55:11.000+05:30,POST,/administrator/index.php,HTTP/1.1,200,4494,http://almhuette-raith.at/administrator/
46.72.177.4,-,-,2015-12-12T23:01:08.000+05:30,GET,/administrator/,HTTP/1.1,200,4263,-
46.72.177.4,-,-,2015-12-12T23:01:08.000+05:30,POST,/administrator/index.php,HTTP/1.1,200,4494,http://almhuette-raith.at/administrator/
83.167.113.100,-,-,2015-12-12T23:01:25.000+05:30,GET,/administrator/,HTTP/1.1,200,4263,-
83.167.113.100,-,-,2015-12-12T23:01:25.000+05:30,POST,/administrator/index.php,HTTP/1.1,200,4494,http://almhuette-raith.at/administrator/
95.29.198.15,-,-,2015-12-12T23:02:10.000+05:30,GET,/administrator/,HTTP/1.1,200,4263,-
95.29.198.15,-,-,2015-12-12T23:02:11.000+05:30,POST,/administrator/index.php,HTTP/1.1,200,4494,http://almhuette-raith.at/administrator/
109.184.11.34,-,-,2015-12-12T23:02:56.000+05:30,GET,/administrator/,HTTP/1.1,200,4263,-
109.184.11.34,-,-,2015-12-12T23:02:56.000+05:30,POST,/administrator/index.php,HTTP/1.1,200,4494,http://almhuette-raith.at/administrator/
91.227.29.79,-,-,2015-12-12T23:03:51.000+05:30,GET,/administrator/,HTTP/1.1,200,4263,-
91.227.29.79,-,-,2015-12-12T23:03:52.000+05:30,POST,/administrator/index.php,HTTP/1.1,200,4494,http://almhuette-raith.at/administrator/
90.154.66.233,-,-,2015-12-12T23:06:16.000+05:30,GET,/administrator/,HTTP/1.1,200,4263,-
